                  epoch,         train/box_loss,         train/cls_loss,         train/dfl_loss,   metrics/precision(B),      metrics/recall(B),       metrics/mAP50(B),    metrics/mAP50-95(B),           val/box_loss,           val/cls_loss,           val/dfl_loss,                 lr/pg0,                 lr/pg1,                 lr/pg2
                      1,                0.99511,                 1.9945,                 1.4352,                0.71091,                0.73852,                 0.7856,                0.57609,                0.92346,                 1.1003,                 1.4801,              0.0033279,              0.0033279,              0.0033279
                      2,                0.89853,                 0.8791,                 1.3072,                0.75179,                0.84313,                0.89068,                0.66187,                 0.9224,                0.92973,                 1.4802,              0.0066283,              0.0066283,              0.0066283
                      3,                0.94918,                0.94239,                 1.3352,                0.76176,                 0.7736,                0.82124,                0.58993,                0.98951,                0.95206,                 1.5696,              0.0098957,              0.0098957,              0.0098957
                      4,                 0.9741,                0.98377,                 1.3562,                0.79796,                 0.8226,                0.88874,                0.68088,                0.86424,                0.85883,                 1.4319,              0.0098515,              0.0098515,              0.0098515
                      5,                0.95038,                0.88213,                 1.3337,                0.85909,                0.88625,                0.93953,                0.72476,                0.85462,                0.67592,                 1.4209,               0.009802,               0.009802,               0.009802
                      6,                0.92034,                0.80301,                 1.3074,                0.84223,                0.88796,                0.93824,                0.72647,                0.83973,                0.69584,                 1.4103,              0.0097525,              0.0097525,              0.0097525
                      7,                 0.9161,                0.75645,                 1.2972,                0.88133,                0.88993,                0.93534,                0.73996,                0.80678,                0.61134,                 1.3632,               0.009703,               0.009703,               0.009703
                      8,                0.89805,                0.72331,                 1.2807,                0.89369,                0.88166,                0.95445,                0.76165,                0.80576,                0.62331,                 1.3502,              0.0096535,              0.0096535,              0.0096535
                      9,                0.88788,                0.69677,                 1.2742,                0.92142,                0.91481,                0.97287,                0.78284,                0.79208,                0.52318,                  1.335,               0.009604,               0.009604,               0.009604
                     10,                0.85596,                0.66114,                 1.2635,                0.92131,                0.94435,                0.97346,                0.78778,                0.79292,                0.49172,                 1.3387,              0.0095545,              0.0095545,              0.0095545
                     11,                0.86173,                0.64589,                 1.2587,                0.91719,                0.94755,                0.97482,                0.78987,                0.77053,                0.48201,                  1.311,               0.009505,               0.009505,               0.009505
                     12,                0.85173,                0.62655,                  1.255,                0.92465,                0.95507,                0.97345,                0.79699,                0.75947,                 0.4489,                 1.2981,              0.0094555,              0.0094555,              0.0094555
                     13,                 0.8499,                0.62132,                 1.2511,                 0.9264,                 0.9583,                0.97406,                0.79932,                0.75239,                0.43819,                 1.2964,               0.009406,               0.009406,               0.009406
                     14,                0.83704,                0.60317,                 1.2412,                0.93849,                0.95509,                 0.9829,                 0.8099,                0.73899,                0.43193,                 1.2831,              0.0093565,              0.0093565,              0.0093565
                     15,                0.84271,                0.60057,                 1.2428,                0.93424,                0.95227,                0.98066,                 0.8065,                0.75143,                0.43751,                  1.282,               0.009307,               0.009307,               0.009307
                     16,                 0.8258,                0.57441,                 1.2353,                0.93507,                0.95818,                0.98255,                0.81136,                0.74606,                0.42059,                 1.2775,              0.0092575,              0.0092575,              0.0092575
                     17,                0.82539,                0.57281,                 1.2339,                0.94549,                0.96737,                0.98466,                0.81856,                0.73692,                0.39739,                 1.2661,               0.009208,               0.009208,               0.009208
                     18,                0.81613,                0.55501,                 1.2267,                 0.9401,                0.96681,                0.98317,                0.81946,                0.72058,                0.38981,                  1.252,              0.0091585,              0.0091585,              0.0091585
                     19,                0.80878,                0.55673,                  1.225,                0.92698,                0.97184,                0.98317,                0.81704,                0.71889,                0.39438,                 1.2528,               0.009109,               0.009109,               0.009109
                     20,                 0.8099,                0.54656,                  1.221,                0.94649,                0.96378,                0.98441,                0.82516,                0.71356,                0.39071,                  1.241,              0.0090595,              0.0090595,              0.0090595
                     21,                0.80472,                0.53727,                 1.2206,                 0.9455,                0.96769,                0.98411,                0.82868,                0.71157,                0.37884,                 1.2369,                0.00901,                0.00901,                0.00901
                     22,                0.81048,                0.53799,                 1.2176,                0.95679,                0.96741,                0.98381,                0.83128,                0.70784,                0.37067,                 1.2304,              0.0089605,              0.0089605,              0.0089605
                     23,                0.79362,                0.52399,                 1.2119,                0.94053,                0.95928,                0.98221,                0.82637,                0.70398,                0.38295,                 1.2345,               0.008911,               0.008911,               0.008911
                     24,                0.79622,                 0.5241,                 1.2157,                0.94718,                0.96897,                0.98447,                0.82968,                0.70475,                0.36342,                 1.2251,              0.0088615,              0.0088615,              0.0088615
                     25,                0.80009,                 0.5149,                 1.2115,                 0.9422,                0.97711,                0.98441,                0.83135,                0.69791,                0.36186,                 1.2249,               0.008812,               0.008812,               0.008812
                     26,                0.79328,                0.51646,                 1.2123,                0.95115,                0.96388,                0.98598,                0.83565,                0.69366,                0.35846,                 1.2189,              0.0087625,              0.0087625,              0.0087625
                     27,                0.79829,                0.51325,                 1.2075,                0.95484,                0.97817,                0.98837,                0.83723,                0.68885,                0.34881,                 1.2162,               0.008713,               0.008713,               0.008713
                     28,                0.78963,                0.50687,                 1.2087,                0.96553,                 0.9719,                0.98619,                0.83988,                0.69251,                0.34789,                  1.213,              0.0086635,              0.0086635,              0.0086635
                     29,                0.78253,                0.49862,                  1.201,                0.95095,                 0.9752,                0.98613,                0.84142,                0.67895,                0.35018,                 1.2009,               0.008614,               0.008614,               0.008614
                     30,                  0.776,                0.49594,                 1.1969,                 0.9493,                0.97075,                0.98569,                0.84191,                0.68176,                0.34359,                 1.2052,              0.0085645,              0.0085645,              0.0085645
                     31,                0.78228,                0.49425,                 1.2016,                0.94837,                0.97186,                0.98668,                0.83896,                0.68165,                0.34859,                  1.206,               0.008515,               0.008515,               0.008515
                     32,                0.78167,                0.49389,                 1.2046,                0.95045,                0.97063,                0.98587,                0.84113,                0.67386,                0.33704,                 1.2019,              0.0084655,              0.0084655,              0.0084655
                     33,                 0.7796,                0.48656,                 1.1937,                0.95726,                0.97841,                0.98767,                0.84105,                0.66915,                0.33734,                 1.1879,               0.008416,               0.008416,               0.008416
                     34,                0.77456,                0.48357,                 1.1906,                0.95827,                0.97722,                0.98692,                0.84388,                0.67521,                0.33126,                 1.1953,              0.0083665,              0.0083665,              0.0083665
                     35,                0.77186,                0.48235,                 1.1929,                 0.9551,                 0.9768,                0.98631,                0.84256,                0.67478,                 0.3331,                 1.1959,               0.008317,               0.008317,               0.008317
                     36,                 0.7761,                0.47951,                 1.1913,                0.95456,                0.97493,                0.98695,                 0.8483,                0.66871,                0.32438,                 1.1903,              0.0082675,              0.0082675,              0.0082675
                     37,                0.76922,                0.47185,                 1.1894,                0.96123,                0.97598,                0.98749,                0.84696,                0.66777,                0.31984,                 1.1939,               0.008218,               0.008218,               0.008218
                     38,                0.75821,                0.46838,                 1.1873,                 0.9598,                 0.9773,                0.98572,                0.84955,                0.66572,                  0.316,                 1.1901,              0.0081685,              0.0081685,              0.0081685
                     39,                0.76025,                0.46654,                 1.1864,                 0.9647,                0.97618,                0.98653,                 0.8461,                0.67102,                0.31969,                 1.1915,               0.008119,               0.008119,               0.008119
                     40,                0.76564,                0.47166,                  1.187,                0.95472,                0.97673,                0.98782,                0.84914,                0.65866,                0.32055,                 1.1784,              0.0080695,              0.0080695,              0.0080695
                     41,                0.76328,                0.46358,                 1.1846,                0.96179,                 0.9785,                  0.988,                0.84945,                0.66309,                0.31318,                  1.185,                0.00802,                0.00802,                0.00802
                     42,                0.75857,                0.45809,                 1.1847,                0.95828,                0.97316,                0.98594,                0.85031,                0.65782,                 0.3133,                 1.1779,              0.0079705,              0.0079705,              0.0079705
                     43,                0.75208,                0.45799,                 1.1828,                0.95719,                0.97659,                 0.9853,                0.85015,                0.65549,                0.31394,                 1.1749,               0.007921,               0.007921,               0.007921
                     44,                0.75532,                0.45374,                  1.182,                0.96476,                0.97669,                0.98761,                0.85295,                0.65898,                0.30905,                 1.1742,              0.0078715,              0.0078715,              0.0078715
                     45,                0.75137,                 0.4573,                 1.1809,                0.95589,                0.97739,                 0.9878,                0.85365,                 0.6565,                0.31187,                 1.1697,               0.007822,               0.007822,               0.007822
                     46,                0.76044,                0.45866,                 1.1852,                0.95566,                0.97881,                  0.989,                0.85411,                0.65613,                0.31043,                 1.1726,              0.0077725,              0.0077725,              0.0077725
                     47,                0.75331,                0.45427,                 1.1763,                0.95652,                0.97801,                0.98859,                0.85748,                0.64451,                0.30177,                 1.1668,               0.007723,               0.007723,               0.007723
                     48,                0.75171,                0.45435,                 1.1831,                0.96314,                0.97486,                 0.9871,                0.85661,                0.65053,                0.30355,                 1.1693,              0.0076735,              0.0076735,              0.0076735
                     49,                0.75404,                0.44526,                 1.1759,                0.96362,                0.97585,                0.98706,                0.85738,                0.64757,                0.30149,                 1.1652,               0.007624,               0.007624,               0.007624
                     50,                0.74243,                0.43855,                 1.1772,                0.96121,                0.97648,                0.98749,                0.85597,                0.65004,                0.30147,                 1.1712,              0.0075745,              0.0075745,              0.0075745
                     51,                0.74614,                0.44898,                 1.1814,                0.95521,                   0.98,                0.98844,                0.85632,                 0.6457,                0.30088,                 1.1625,               0.007525,               0.007525,               0.007525
                     52,                0.74571,                0.44724,                 1.1748,                0.95479,                0.98057,                0.98818,                 0.8545,                0.64945,                0.30134,                  1.166,              0.0074755,              0.0074755,              0.0074755
                     53,                0.74197,                0.44442,                 1.1739,                0.95965,                0.97676,                0.98825,                0.85763,                0.64923,                0.29899,                 1.1667,               0.007426,               0.007426,               0.007426
                     54,                0.74032,                0.44604,                 1.1778,                0.96006,                 0.9785,                0.98732,                0.85586,                0.64726,                0.29974,                 1.1645,              0.0073765,              0.0073765,              0.0073765
                     55,                0.73833,                0.43772,                  1.176,                 0.9582,                0.97979,                0.98751,                0.85953,                0.64292,                 0.2973,                  1.161,               0.007327,               0.007327,               0.007327
                     56,                0.73996,                0.43655,                 1.1721,                0.95851,                0.98168,                0.98929,                0.86289,                0.64178,                0.29334,                 1.1587,              0.0072775,              0.0072775,              0.0072775
                     57,                0.73837,                0.43493,                 1.1718,                0.96106,                0.97604,                0.98813,                0.86074,                0.64267,                0.29433,                  1.161,               0.007228,               0.007228,               0.007228
                     58,                0.74361,                0.43399,                 1.1704,                0.96188,                0.97821,                0.98776,                0.85918,                0.64603,                0.29405,                 1.1659,              0.0071785,              0.0071785,              0.0071785
                     59,                0.72941,                0.42808,                 1.1659,                0.96128,                0.97722,                0.98835,                0.86144,                0.64229,                 0.2899,                 1.1609,               0.007129,               0.007129,               0.007129
                     60,                0.72849,                0.42897,                 1.1689,                0.95534,                 0.9807,                 0.9881,                0.86384,                0.64085,                0.29074,                 1.1572,              0.0070795,              0.0070795,              0.0070795
                     61,                0.72833,                0.43088,                 1.1678,                0.96342,                0.97877,                0.98838,                 0.8637,                0.63882,                0.28778,                 1.1566,                0.00703,                0.00703,                0.00703
                     62,                0.72988,                0.43062,                 1.1642,                0.96816,                0.97896,                0.98878,                0.86422,                0.63588,                0.28427,                 1.1528,              0.0069805,              0.0069805,              0.0069805
                     63,                0.73189,                0.43195,                 1.1654,                0.96675,                0.97768,                0.98901,                0.86491,                0.63285,                0.28449,                 1.1504,               0.006931,               0.006931,               0.006931
                     64,                0.73077,                 0.4242,                 1.1693,                0.96136,                0.97918,                0.98857,                0.86572,                0.63332,                0.28322,                 1.1527,              0.0068815,              0.0068815,              0.0068815
                     65,                0.73581,                0.42585,                 1.1721,                0.96529,                0.97751,                0.98822,                0.86445,                0.63676,                0.28468,                 1.1542,               0.006832,               0.006832,               0.006832
                     66,                0.73114,                0.42681,                 1.1647,                0.96349,                0.97866,                0.98713,                0.86403,                0.64077,                0.28363,                  1.156,              0.0067825,              0.0067825,              0.0067825
                     67,                0.73036,                0.42238,                 1.1625,                0.96196,                0.98195,                0.98779,                0.86337,                0.64113,                 0.2812,                 1.1577,               0.006733,               0.006733,               0.006733
                     68,                0.72398,                0.41981,                 1.1605,                0.96815,                0.97776,                0.98819,                0.86413,                0.64123,                0.28305,                 1.1561,              0.0066835,              0.0066835,              0.0066835
                     69,                0.72981,                0.41856,                  1.163,                0.96586,                0.97619,                0.98828,                0.86336,                0.63787,                0.28401,                 1.1552,               0.006634,               0.006634,               0.006634
                     70,                0.71966,                 0.4152,                 1.1623,                0.96618,                0.97817,                0.98879,                0.86415,                0.63655,                0.28322,                 1.1529,              0.0065845,              0.0065845,              0.0065845
                     71,                0.72552,                0.42035,                 1.1634,                0.97081,                0.97555,                 0.9891,                0.86236,                0.63677,                0.28359,                  1.152,               0.006535,               0.006535,               0.006535
                     72,                0.71899,                0.41704,                  1.158,                0.96609,                0.97909,                0.98817,                0.86338,                0.63467,                0.28142,                 1.1509,              0.0064855,              0.0064855,              0.0064855
                     73,                0.71738,                0.40876,                  1.157,                0.96105,                0.98073,                0.98805,                0.86488,                0.63369,                0.27852,                 1.1493,               0.006436,               0.006436,               0.006436
                     74,                0.71174,                0.41038,                 1.1544,                0.96232,                0.97758,                0.98735,                0.86429,                0.63094,                0.27873,                 1.1466,              0.0063865,              0.0063865,              0.0063865
                     75,                0.72117,                0.41161,                   1.16,                0.96074,                0.97763,                0.98762,                0.86455,                0.63109,                0.27774,                 1.1461,               0.006337,               0.006337,               0.006337
                     76,                0.70977,                0.40779,                 1.1534,                0.96332,                0.97974,                0.98838,                0.86575,                0.63039,                0.27652,                  1.146,              0.0062875,              0.0062875,              0.0062875
                     77,                0.71094,                0.40983,                 1.1573,                0.96648,                0.97731,                 0.9888,                 0.8664,                 0.6297,                0.27436,                  1.147,               0.006238,               0.006238,               0.006238
                     78,                0.70676,                0.40125,                 1.1543,                0.96631,                0.97823,                0.98803,                0.86562,                0.63015,                0.27334,                 1.1469,              0.0061885,              0.0061885,              0.0061885
                     79,                0.70793,                0.40395,                 1.1542,                0.96864,                0.97764,                0.98859,                0.86541,                0.63023,                0.27341,                 1.1468,               0.006139,               0.006139,               0.006139
                     80,                0.71161,                0.40221,                 1.1524,                0.96667,                0.98091,                0.98878,                0.86476,                0.63111,                0.27399,                 1.1483,              0.0060895,              0.0060895,              0.0060895
                     81,                 0.7078,                0.40258,                  1.153,                0.96666,                0.98135,                0.98869,                0.86498,                0.62939,                0.27252,                 1.1473,                0.00604,                0.00604,                0.00604
                     82,                0.71146,                0.40084,                 1.1496,                0.96548,                0.98216,                0.98852,                0.86431,                0.62987,                0.27311,                 1.1481,              0.0059905,              0.0059905,              0.0059905
                     83,                0.71008,                0.40216,                 1.1507,                0.96621,                0.98217,                 0.9885,                0.86525,                0.63008,                0.27372,                 1.1488,               0.005941,               0.005941,               0.005941
                     84,                0.70124,                0.39668,                  1.147,                0.96725,                0.98054,                0.98824,                0.86442,                0.62931,                0.27301,                 1.1483,              0.0058915,              0.0058915,              0.0058915
                     85,                0.69953,                0.39642,                 1.1464,                0.96702,                0.98022,                0.98841,                0.86503,                0.62944,                 0.2734,                 1.1478,               0.005842,               0.005842,               0.005842
                     86,                 0.7087,                0.40145,                 1.1524,                0.96789,                0.97959,                0.98851,                0.86566,                0.62939,                0.27235,                 1.1486,              0.0057925,              0.0057925,              0.0057925
                     87,                0.70541,                0.39627,                 1.1492,                0.96897,                0.97924,                 0.9885,                0.86612,                0.63051,                0.27157,                 1.1504,               0.005743,               0.005743,               0.005743
                     88,                0.70975,                0.39752,                 1.1521,                0.96879,                0.97937,                0.98812,                0.86618,                0.63001,                0.27113,                 1.1501,              0.0056935,              0.0056935,              0.0056935
                     89,                 0.6954,                0.39002,                 1.1461,                0.97012,                0.97858,                0.98821,                0.86634,                0.62927,                0.26995,                 1.1499,               0.005644,               0.005644,               0.005644
                     90,                 0.6978,                0.39243,                 1.1448,                0.97007,                0.97815,                 0.9887,                0.86622,                0.62999,                0.26986,                 1.1507,              0.0055945,              0.0055945,              0.0055945
                     91,                0.69566,                0.38973,                 1.1474,                0.96766,                 0.9789,                0.98881,                0.86542,                0.63102,                0.26897,                 1.1524,               0.005545,               0.005545,               0.005545
                     92,                0.70058,                0.39239,                 1.1477,                0.96661,                0.98014,                0.98886,                0.86533,                0.63116,                0.26901,                 1.1532,              0.0054955,              0.0054955,              0.0054955
                     93,                0.69389,                0.38929,                 1.1403,                0.96615,                0.98086,                0.98869,                 0.8661,                0.63141,                0.26852,                 1.1539,               0.005446,               0.005446,               0.005446
                     94,                0.69037,                0.38642,                 1.1426,                0.96572,                0.98143,                0.98875,                0.86636,                0.63103,                0.26806,                 1.1538,              0.0053965,              0.0053965,              0.0053965
                     95,                0.69488,                0.38752,                 1.1463,                0.96599,                0.98201,                0.98902,                0.86626,                0.63082,                0.26778,                 1.1532,               0.005347,               0.005347,               0.005347
                     96,                0.69491,                0.38513,                 1.1465,                0.96501,                 0.9827,                0.98867,                0.86574,                0.63191,                0.26804,                 1.1544,              0.0052975,              0.0052975,              0.0052975
                     97,                0.69452,                0.38708,                 1.1451,                0.96623,                0.98095,                0.98825,                0.86638,                0.63173,                0.26766,                 1.1541,               0.005248,               0.005248,               0.005248
                     98,                 0.6916,                0.38502,                 1.1468,                0.96595,                 0.9813,                0.98829,                0.86631,                0.63237,                0.26724,                 1.1547,              0.0051985,              0.0051985,              0.0051985
                     99,                0.68672,                 0.3811,                 1.1408,                0.96551,                0.98162,                0.98862,                0.86614,                0.63191,                 0.2661,                 1.1543,               0.005149,               0.005149,               0.005149
                    100,                0.68937,                0.38289,                 1.1407,                0.96607,                0.98196,                0.98849,                0.86659,                0.63127,                0.26505,                 1.1529,              0.0050995,              0.0050995,              0.0050995
                    101,                 0.6897,                0.37863,                 1.1404,                0.96626,                0.98216,                0.98868,                0.86632,                   0.63,                0.26559,                 1.1507,                0.00505,                0.00505,                0.00505
                    102,                0.68834,                0.38211,                 1.1379,                0.96671,                0.98154,                0.98839,                0.86677,                0.63003,                0.26479,                 1.1507,              0.0050005,              0.0050005,              0.0050005
                    103,                  0.683,                0.37704,                 1.1357,                0.96719,                0.98199,                0.98846,                 0.8672,                0.63082,                0.26396,                 1.1521,               0.004951,               0.004951,               0.004951
                    104,                0.67437,                 0.3722,                 1.1341,                0.96748,                0.98195,                 0.9885,                0.86681,                0.63078,                0.26397,                 1.1527,              0.0049015,              0.0049015,              0.0049015
                    105,                 0.6836,                0.37518,                 1.1408,                0.96731,                0.98179,                 0.9885,                0.86725,                0.63031,                0.26409,                 1.1524,               0.004852,               0.004852,               0.004852
                    106,                 0.6822,                0.37856,                   1.14,                0.96752,                0.98183,                0.98853,                0.86753,                0.62974,                0.26406,                  1.152,              0.0048025,              0.0048025,              0.0048025
                    107,                0.67344,                0.36897,                 1.1309,                0.96756,                0.98154,                0.98833,                 0.8676,                0.62957,                 0.2638,                 1.1519,               0.004753,               0.004753,               0.004753
                    108,                0.68351,                0.37467,                 1.1336,                0.96711,                0.98154,                0.98876,                0.86686,                0.62921,                0.26409,                 1.1516,              0.0047035,              0.0047035,              0.0047035
                    109,                0.67329,                 0.3718,                 1.1302,                0.96746,                0.98128,                0.98889,                0.86729,                0.62877,                0.26387,                 1.1512,               0.004654,               0.004654,               0.004654
                    110,                0.67455,                0.37079,                 1.1305,                0.96701,                0.98176,                0.98886,                0.86738,                0.62919,                0.26369,                 1.1516,              0.0046045,              0.0046045,              0.0046045
                    111,                0.67738,                 0.3716,                 1.1322,                0.96712,                0.98213,                0.98892,                0.86749,                0.62924,                0.26338,                 1.1513,               0.004555,               0.004555,               0.004555
                    112,                0.67741,                0.37282,                 1.1292,                0.96794,                0.98312,                0.98899,                0.86726,                0.62888,                0.26333,                 1.1509,              0.0045055,              0.0045055,              0.0045055
                    113,                0.66098,                0.36186,                 1.1241,                 0.9681,                0.98244,                  0.989,                0.86682,                0.62874,                0.26363,                 1.1503,               0.004456,               0.004456,               0.004456
                    114,                0.67442,                0.36957,                 1.1293,                0.96908,                0.98082,                0.98889,                0.86699,                0.62854,                0.26333,                 1.1499,              0.0044065,              0.0044065,              0.0044065
                    115,                0.66381,                0.36308,                 1.1299,                0.96956,                0.98055,                0.98889,                 0.8671,                0.62822,                0.26315,                 1.1494,               0.004357,               0.004357,               0.004357
                    116,                0.66552,                0.36324,                 1.1293,                0.96863,                0.98144,                0.98895,                0.86781,                0.62835,                0.26287,                 1.1495,              0.0043075,              0.0043075,              0.0043075
                    117,                0.67674,                 0.3634,                 1.1305,                0.96958,                0.98067,                0.98896,                0.86756,                0.62817,                0.26313,                 1.1493,               0.004258,               0.004258,               0.004258
                    118,                0.66514,                0.36084,                 1.1252,                0.96967,                0.98055,                0.98896,                0.86695,                 0.6284,                0.26331,                 1.1497,              0.0042085,              0.0042085,              0.0042085
                    119,                0.65926,                0.36339,                 1.1241,                0.97018,                0.98054,                0.98896,                0.86707,                0.62847,                0.26339,                 1.1496,               0.004159,               0.004159,               0.004159
                    120,                0.66234,                0.36229,                 1.1255,                0.97111,                0.97908,                0.98892,                0.86726,                 0.6284,                0.26373,                 1.1495,              0.0041095,              0.0041095,              0.0041095
                    121,                0.65723,                0.35729,                 1.1208,                 0.9701,                0.98022,                0.98891,                0.86731,                0.62842,                0.26344,                 1.1498,                0.00406,                0.00406,                0.00406
                    122,                0.65593,                0.35797,                 1.1221,                0.96936,                0.98004,                0.98893,                 0.8677,                0.62865,                0.26344,                   1.15,              0.0040105,              0.0040105,              0.0040105
                    123,                0.65881,                0.35862,                 1.1269,                0.96865,                0.98169,                0.98875,                0.86778,                0.62932,                0.26321,                 1.1509,               0.003961,               0.003961,               0.003961
                    124,                0.65807,                0.35486,                 1.1201,                0.96824,                0.98293,                0.98881,                0.86785,                0.62956,                0.26306,                 1.1514,              0.0039115,              0.0039115,              0.0039115
                    125,                0.65573,                0.35844,                 1.1225,                0.96846,                0.98199,                0.98882,                0.86783,                 0.6297,                0.26295,                 1.1517,               0.003862,               0.003862,               0.003862
                    126,                0.65089,                0.35278,                 1.1158,                0.96858,                  0.982,                0.98885,                0.86764,                0.62891,                0.26312,                 1.1504,              0.0038125,              0.0038125,              0.0038125
                    127,                0.65787,                 0.3564,                 1.1207,                0.96894,                0.98086,                0.98887,                0.86746,                0.62836,                0.26281,                 1.1499,               0.003763,               0.003763,               0.003763
                    128,                 0.6571,                0.35736,                 1.1198,                  0.969,                0.98078,                0.98887,                0.86744,                0.62876,                0.26274,                 1.1506,              0.0037135,              0.0037135,              0.0037135
                    129,                0.65182,                0.35587,                 1.1172,                0.96906,                0.98084,                0.98893,                0.86802,                0.62888,                 0.2627,                  1.151,               0.003664,               0.003664,               0.003664
                    130,                0.64686,                0.35275,                 1.1168,                0.96911,                0.98107,                0.98892,                0.86772,                 0.6288,                0.26219,                 1.1509,              0.0036145,              0.0036145,              0.0036145
                    131,                0.64114,                0.35026,                 1.1129,                0.96927,                0.98108,                0.98888,                0.86767,                0.62883,                0.26188,                 1.1511,               0.003565,               0.003565,               0.003565
                    132,                0.64425,                0.34514,                 1.1141,                0.96795,                0.98237,                0.98881,                0.86792,                0.62882,                 0.2617,                 1.1511,              0.0035155,              0.0035155,              0.0035155
                    133,                 0.6378,                0.34631,                 1.1132,                0.96769,                0.98246,                0.98888,                0.86834,                0.62892,                0.26149,                 1.1511,               0.003466,               0.003466,               0.003466
                    134,                0.64511,                0.34646,                 1.1161,                0.96892,                0.98172,                0.98886,                0.86846,                0.62887,                0.26158,                 1.1511,              0.0034165,              0.0034165,              0.0034165
                    135,                 0.6416,                0.35032,                 1.1144,                0.96757,                0.98216,                0.98881,                 0.8687,                0.62886,                0.26164,                 1.1512,               0.003367,               0.003367,               0.003367
                    136,                0.64038,                0.34479,                 1.1104,                0.96799,                0.98111,                 0.9888,                0.86815,                0.62896,                0.26173,                 1.1513,              0.0033175,              0.0033175,              0.0033175
                    137,                0.64273,                0.34641,                 1.1135,                0.96784,                0.98115,                0.98879,                0.86787,                 0.6287,                0.26185,                 1.1512,               0.003268,               0.003268,               0.003268
                    138,                0.63437,                0.34226,                 1.1128,                0.96778,                0.98131,                0.98883,                0.86783,                0.62871,                0.26158,                 1.1513,              0.0032185,              0.0032185,              0.0032185
                    139,                0.63586,                0.34258,                 1.1107,                0.96837,                0.98042,                0.98882,                0.86761,                0.62877,                 0.2611,                 1.1514,               0.003169,               0.003169,               0.003169
                    140,                0.63024,                0.34114,                 1.1065,                0.96862,                0.97985,                0.98869,                0.86744,                0.62879,                 0.2609,                 1.1515,              0.0031195,              0.0031195,              0.0031195
                    141,                 0.6383,                0.34151,                 1.1113,                0.97337,                0.97507,                0.98869,                0.86765,                0.62894,                0.26092,                 1.1517,                0.00307,                0.00307,                0.00307
                    142,                 0.6244,                0.33701,                 1.1054,                0.97353,                 0.9751,                0.98868,                0.86764,                0.62895,                0.26059,                 1.1519,              0.0030205,              0.0030205,              0.0030205
                    143,                0.63235,                0.34154,                 1.1109,                0.97337,                0.97521,                0.98866,                0.86773,                0.62909,                0.26065,                 1.1521,               0.002971,               0.002971,               0.002971
                    144,                0.63185,                  0.337,                 1.1088,                0.96846,                0.98002,                0.98869,                0.86784,                0.62924,                0.26074,                 1.1524,              0.0029215,              0.0029215,              0.0029215
                    145,                0.63062,                0.33706,                 1.1067,                0.96854,                0.97999,                0.98869,                 0.8678,                0.62946,                0.26064,                 1.1526,               0.002872,               0.002872,               0.002872
                    146,                 0.6299,                0.33418,                 1.0999,                0.96865,                0.97984,                0.98869,                0.86798,                0.62961,                0.26058,                  1.153,              0.0028225,              0.0028225,              0.0028225
                    147,                0.62012,                0.33371,                 1.1015,                0.97269,                0.97558,                0.98869,                 0.8676,                0.62976,                0.26055,                 1.1532,               0.002773,               0.002773,               0.002773
                    148,                0.62331,                0.33412,                 1.1009,                0.97266,                0.97565,                0.98864,                0.86735,                0.62982,                0.26076,                 1.1533,              0.0027235,              0.0027235,              0.0027235
                    149,                0.62401,                0.32999,                 1.1016,                0.97289,                0.97561,                0.98868,                0.86776,                 0.6298,                0.26091,                 1.1533,               0.002674,               0.002674,               0.002674
                    150,                0.61362,                0.32831,                 1.0965,                0.96921,                0.97958,                0.98879,                0.86835,                0.62975,                0.26087,                 1.1534,              0.0026245,              0.0026245,              0.0026245
                    151,                0.62278,                0.32763,                 1.0979,                0.96937,                0.97945,                0.98874,                0.86839,                0.62981,                0.26076,                 1.1535,               0.002575,               0.002575,               0.002575
                    152,                0.61832,                0.32962,                 1.1023,                0.96925,                0.97951,                0.98872,                0.86836,                0.62992,                0.26035,                 1.1536,              0.0025255,              0.0025255,              0.0025255
                    153,                0.60758,                0.32667,                 1.0942,                0.97277,                 0.9762,                0.98866,                0.86864,                 0.6299,                0.26035,                 1.1539,               0.002476,               0.002476,               0.002476
                    154,                0.61537,                 0.3263,                 1.0993,                0.97281,                0.97611,                0.98869,                0.86808,                0.63002,                0.26043,                  1.154,              0.0024265,              0.0024265,              0.0024265
                    155,                0.61312,                0.32658,                 1.0972,                0.97258,                0.97658,                0.98877,                0.86839,                0.63008,                0.26036,                 1.1541,               0.002377,               0.002377,               0.002377
                    156,                0.61239,                0.32784,                 1.0979,                 0.9726,                0.97663,                0.98882,                0.86845,                0.63007,                0.26012,                 1.1542,              0.0023275,              0.0023275,              0.0023275
                    157,                0.60927,                 0.3258,                 1.0926,                0.97264,                 0.9768,                0.98879,                0.86842,                0.62999,                0.26026,                 1.1541,               0.002278,               0.002278,               0.002278
                    158,                0.60486,                 0.3231,                 1.0906,                0.97264,                0.97687,                0.98882,                0.86886,                0.62996,                 0.2601,                 1.1544,              0.0022285,              0.0022285,              0.0022285
                    159,                0.60148,                0.32079,                 1.0921,                0.97266,                0.97702,                0.98877,                0.86873,                0.62995,                0.26034,                 1.1545,               0.002179,               0.002179,               0.002179
                    160,                0.60432,                0.32241,                  1.094,                0.97139,                0.97834,                0.98877,                0.86879,                0.62998,                0.26022,                 1.1544,              0.0021295,              0.0021295,              0.0021295
                    161,                0.60415,                0.31967,                 1.0913,                0.97071,                0.97879,                0.98874,                0.86856,                0.63008,                0.26027,                 1.1545,                0.00208,                0.00208,                0.00208
                    162,                0.59908,                0.32047,                 1.0882,                0.97087,                0.97875,                0.98876,                0.86829,                0.63039,                0.26032,                 1.1548,              0.0020305,              0.0020305,              0.0020305
                    163,                0.60308,                0.32023,                 1.0942,                0.97077,                0.97886,                 0.9888,                0.86854,                0.63037,                0.26016,                 1.1551,               0.001981,               0.001981,               0.001981
                    164,                0.59994,                0.31739,                 1.0906,                0.97068,                0.97894,                0.98879,                0.86826,                0.63051,                0.25984,                 1.1552,              0.0019315,              0.0019315,              0.0019315
                    165,                0.60006,                0.31676,                 1.0859,                0.97073,                0.97892,                0.98878,                0.86872,                0.63058,                0.25996,                 1.1553,               0.001882,               0.001882,               0.001882
                    166,                0.59486,                0.31499,                 1.0845,                0.97082,                0.97889,                0.98876,                0.86872,                0.63048,                0.26011,                 1.1553,              0.0018325,              0.0018325,              0.0018325
                    167,                0.59534,                0.31392,                  1.089,                0.97093,                0.97881,                0.98876,                0.86836,                 0.6305,                0.26014,                 1.1554,               0.001783,               0.001783,               0.001783
                    168,                0.59446,                0.31483,                 1.0843,                0.97106,                0.97867,                0.98876,                0.86823,                0.63049,                0.26007,                 1.1555,              0.0017335,              0.0017335,              0.0017335
                    169,                0.58968,                0.31057,                 1.0815,                0.97107,                0.97868,                 0.9888,                0.86861,                0.63066,                0.26006,                 1.1557,               0.001684,               0.001684,               0.001684
                    170,                0.59179,                0.31111,                 1.0814,                0.97109,                0.97865,                0.98872,                0.86837,                0.63079,                0.25994,                 1.1558,              0.0016345,              0.0016345,              0.0016345
                    171,                0.59119,                0.31536,                 1.0845,                0.97111,                0.97864,                0.98877,                0.86828,                0.63081,                0.25991,                 1.1559,               0.001585,               0.001585,               0.001585
                    172,                0.58761,                0.31153,                 1.0816,                0.97114,                0.97862,                0.98875,                0.86838,                0.63094,                0.26003,                  1.156,              0.0015355,              0.0015355,              0.0015355
                    173,                0.58016,                0.30721,                  1.077,                0.97116,                0.97856,                0.98879,                0.86804,                0.63095,                0.26004,                  1.156,               0.001486,               0.001486,               0.001486
                    174,                0.58228,                0.30638,                 1.0793,                0.97123,                0.97852,                0.98879,                0.86785,                0.63109,                0.25973,                 1.1562,              0.0014365,              0.0014365,              0.0014365
                    175,                 0.5788,                0.30589,                  1.078,                0.97125,                0.97843,                0.98855,                0.86785,                0.63139,                0.25967,                 1.1565,               0.001387,               0.001387,               0.001387
                    176,                0.57688,                0.30505,                 1.0786,                0.97134,                0.97841,                0.98854,                0.86806,                 0.6315,                0.25912,                 1.1568,              0.0013375,              0.0013375,              0.0013375
                    177,                 0.5782,                0.30366,                 1.0761,                0.97141,                0.97842,                0.98852,                0.86809,                0.63146,                0.25906,                 1.1569,               0.001288,               0.001288,               0.001288
                    178,                0.57626,                0.30372,                 1.0744,                0.97159,                0.97842,                 0.9885,                0.86811,                0.63156,                0.25901,                  1.157,              0.0012385,              0.0012385,              0.0012385
                    179,                0.57977,                0.30501,                 1.0761,                0.97156,                0.97853,                 0.9887,                0.86793,                0.63164,                0.25919,                 1.1572,               0.001189,               0.001189,               0.001189
                    180,                0.57255,                0.29979,                 1.0709,                0.97167,                0.97889,                0.98871,                0.86782,                0.63178,                0.25921,                 1.1575,              0.0011395,              0.0011395,              0.0011395
                    181,                0.56802,                0.29935,                  1.074,                0.97167,                0.97937,                0.98873,                0.86797,                0.63207,                0.25918,                 1.1578,                0.00109,                0.00109,                0.00109
                    182,                0.56902,                0.29855,                  1.072,                0.97164,                0.97968,                0.98874,                 0.8678,                0.63207,                0.25945,                 1.1579,              0.0010405,              0.0010405,              0.0010405
                    183,                0.56764,                 0.2996,                 1.0709,                0.97156,                0.97975,                0.98875,                0.86794,                0.63216,                0.26004,                 1.1581,               0.000991,               0.000991,               0.000991
                    184,                0.56678,                0.29891,                 1.0711,                0.97166,                0.97975,                0.98876,                0.86817,                0.63209,                0.26008,                 1.1582,              0.0009415,              0.0009415,              0.0009415
                    185,                0.56414,                0.29614,                 1.0714,                 0.9717,                 0.9798,                0.98876,                0.86847,                0.63246,                0.25994,                 1.1587,               0.000892,               0.000892,               0.000892
                    186,                0.55933,                 0.2945,                 1.0667,                 0.9718,                0.97982,                0.98874,                0.86799,                0.63267,                 0.2597,                  1.159,              0.0008425,              0.0008425,              0.0008425
                    187,                0.56206,                0.29709,                 1.0698,                0.97186,                0.97983,                0.98879,                0.86801,                0.63244,                0.25984,                 1.1589,               0.000793,               0.000793,               0.000793
                    188,                0.55865,                0.29378,                 1.0655,                0.97184,                0.98001,                0.98876,                0.86795,                0.63258,                0.25984,                 1.1593,              0.0007435,              0.0007435,              0.0007435
                    189,                0.55546,                0.29339,                 1.0628,                0.97159,                0.98001,                0.98875,                0.86791,                 0.6326,                0.25995,                 1.1595,               0.000694,               0.000694,               0.000694
                    190,                0.55575,                0.29091,                 1.0623,                 0.9716,                0.98001,                0.98878,                0.86812,                0.63284,                0.26027,                 1.1599,              0.0006445,              0.0006445,              0.0006445
                    191,                0.48663,                0.23299,                 1.0254,                 0.9711,                0.98005,                0.98876,                0.86848,                0.63285,                0.26054,                 1.1601,               0.000595,               0.000595,               0.000595
                    192,                0.48227,                0.22665,                 1.0219,                 0.9715,                 0.9803,                0.98878,                 0.8682,                0.63314,                0.26057,                 1.1606,              0.0005455,              0.0005455,              0.0005455
                    193,                0.47839,                  0.224,                 1.0149,                0.97169,                0.98015,                0.98879,                 0.8684,                0.63301,                0.26068,                 1.1606,               0.000496,               0.000496,               0.000496
                    194,                0.47448,                0.22257,                 1.0202,                0.97132,                0.98015,                0.98872,                0.86816,                0.63277,                0.26075,                 1.1605,              0.0004465,              0.0004465,              0.0004465
                    195,                0.47232,                0.22084,                 1.0144,                0.97127,                0.98016,                0.98872,                0.86819,                0.63286,                0.26086,                 1.1607,               0.000397,               0.000397,               0.000397
                    196,                0.46545,                0.21869,                 1.0116,                0.97127,                0.98016,                0.98871,                0.86836,                0.63294,                0.26101,                  1.161,              0.0003475,              0.0003475,              0.0003475
                    197,                0.46531,                 0.2182,                  1.008,                0.97126,                0.98016,                 0.9887,                0.86841,                 0.6332,                0.26115,                 1.1616,               0.000298,               0.000298,               0.000298
                    198,                0.47036,                0.21965,                  1.009,                0.97128,                0.98016,                0.98871,                0.86837,                0.63324,                0.26117,                 1.1618,              0.0002485,              0.0002485,              0.0002485
                    199,                0.46397,                0.21532,                 1.0045,                0.97134,                0.98031,                0.98871,                0.86831,                0.63315,                0.26143,                 1.1619,               0.000199,               0.000199,               0.000199
                    200,                0.45982,                0.21538,                 1.0058,                0.97139,                0.98034,                0.98875,                0.86827,                0.63327,                0.26153,                 1.1622,              0.0001495,              0.0001495,              0.0001495
